{
  "smooth_len": 5000,
  "mean_x": 0.049625,
  "mean_p_hat": 0.04919212600000001,
  "var_z": 1.010463928250978
}