{
  "smooth_len": 5000,
  "mean_x": 0.05763,
  "mean_p_hat": 0.057205179999999994,
  "var_z": 1.008920852429683
}