segment_idx,rate
0,0.0733
1,0.0639
2,0.0602
3,0.05665
4,0.05645
5,0.056
6,0.0541
7,0.0529
8,0.0523
9,0.0505
