{
  "n_Z": 17434,
  "fraction_Z_with_ap_count_delta_gt0": 0.36033038889526214,
  "ap_count_delta_mean": 1.8073878627968338,
  "ap_count_delta_median": 0.0,
  "ap_count_delta_p90": 2.0,
  "ap_count_delta_p99": 19.0
}