{
  "m": 14,
  "B": 360360,
  "p0": 17,
  "p1": 19,
  "p2": 23,
  "t_max": 200000,
  "allowed_count": 144166,
  "residual_events": 6432,
  "mean_gap": 22.415020992069664,
  "dispersion": 2.6512953840540043
}