{
  "label": "core40",
  "counts": {
    "total": 200,
    "twins": 4,
    "non_twins": 196,
    "n_dropped_nan": 0,
    "n_used_regression": 200
  },
  "group_stats": {
    "twins": {
      "core_gc_spectral_gap": [
        0.14007883785888148,
        0.06669669531682862
      ],
      "core_gc_entropy": [
        3.7754136652565613,
        0.1460842306574051
      ],
      "core_gc_fraction": [
        0.6018518518518519,
        0.07923146699378661
      ],
      "core_edges": [
        193.0,
        71.03872183534835
      ],
      "core_components": [
        32.0,
        5.244044240850758
      ]
    },
    "non_twins": {
      "core_gc_spectral_gap": [
        0.13002268551321514,
        0.061902116282147944
      ],
      "core_gc_entropy": [
        3.8373193935946595,
        0.1150371885370064
      ],
      "core_gc_fraction": [
        0.6359914336104816,
        0.05912206236417039
      ],
      "core_edges": [
        211.65816326530611,
        79.12119665356252
      ],
      "core_components": [
        29.739795918367346,
        4.161123273483519
      ]
    }
  },
  "effects": {
    "cohens_d_gap": 0.1613787153730741,
    "cohens_d_entropy": -0.53218888285872,
    "effect_size_warning": ""
  },
  "p_values": {
    "perm_p_gap": 0.7574242575742426,
    "perm_p_entropy": 0.2987701229877012,
    "perm_p_beta_twin_gap": 0.44255574442555745,
    "perm_p_beta_twin_entropy": 0.8643135686431357
  },
  "correlations": {
    "corr_core_gap_edges": 0.8287157688102668,
    "corr_core_gap_gc_fraction": 0.6548988084243017
  },
  "regression_gap": {
    "beta0": 0.2022323906699604,
    "beta_twin": 0.013031469899686508,
    "beta_core_edges": 0.0009390098990182984,
    "beta_core_gc_fraction": -0.42604161212152347,
    "r2": 0.7231073717507537,
    "beta_twin_ci": [
      -0.03277973403818282,
      0.05654183334475004
    ]
  },
  "regression_entropy": {
    "beta0": 2.7324046227766035,
    "beta_twin": -0.0009503405159903729,
    "beta_core_edges": 0.00022535801982463775,
    "beta_core_gc_fraction": 1.6623115507377055,
    "r2": 0.9913461072914804,
    "beta_twin_ci": [
      -0.004985792935287258,
      0.0020877920741866948
    ]
  }
}