{
  "label": "core30",
  "counts": {
    "total": 200,
    "twins": 4,
    "non_twins": 196
  },
  "group_stats": {
    "twins": {
      "core_gc_spectral_gap": [
        0.13320943768600008,
        0.051635251985694845
      ],
      "core_gc_entropy": [
        3.395744556062455,
        0.18982107874293133
      ],
      "core_gc_fraction": [
        0.5655737704918032,
        0.10138784325289332
      ],
      "core_edges": [
        107.25,
        44.35298749802543
      ],
      "core_components": [
        25.0,
        4.743416490252569
      ]
    },
    "non_twins": {
      "core_gc_spectral_gap": [
        0.0961309796557076,
        0.059085646751359924
      ],
      "core_gc_entropy": [
        3.4417296619406175,
        0.21289065904331392
      ],
      "core_gc_fraction": [
        0.5956841753094683,
        0.10119003738383392
      ],
      "core_edges": [
        112.66836734693878,
        45.79610111053429
      ],
      "core_components": [
        23.831632653061224,
        4.355060320554522
      ]
    }
  },
  "effects": {
    "cohens_d_gap": 0.6258725357325382,
    "cohens_d_entropy": -0.21536258099728206
  },
  "p_values": {
    "perm_p_gap": 0.21447855214478553,
    "perm_p_entropy": 0.6745325467453255
  },
  "correlations": {
    "corr_core_gap_edges": 0.6946963654517376,
    "corr_core_gap_gc_fraction": 0.42840570951197104
  },
  "regression": {
    "beta0": 0.1320162924025808,
    "beta_twin": 0.03482724803177955,
    "beta_core_edges": 0.0015801141656684031,
    "beta_core_gc_fraction": -0.3591067295070769,
    "r2": 0.5930352768065769,
    "beta_twin_ci": [
      0.008887632240330748,
      0.05682727845794036
    ]
  }
}