{
  "label": "ones",
  "counts": {
    "total": 200,
    "twins": 4,
    "non_twins": 196,
    "n_dropped_nan": 0,
    "n_used_regression": 200,
    "survival_rate_total": 1.0,
    "survival_rate_twins": 1.0,
    "survival_rate_non_twins": 1.0
  },
  "center_set": "all",
  "group_stats": {
    "twins": {
      "core_gc_spectral_gap": [
        0.13320943768600008,
        0.051635251985694845
      ],
      "core_gc_entropy": [
        3.395744556062455,
        0.18982107874293133
      ],
      "core_gc_fraction": [
        0.5655737704918032,
        0.10138784325289332
      ],
      "core_edges": [
        107.25,
        44.35298749802543
      ],
      "core_components": [
        25.0,
        4.743416490252569
      ],
      "twin_isolates": [
        NaN,
        NaN
      ],
      "twin_deg_sum": [
        NaN,
        NaN
      ]
    },
    "non_twins": {
      "core_gc_spectral_gap": [
        0.0961309796557076,
        0.059085646751359924
      ],
      "core_gc_entropy": [
        3.4417296619406175,
        0.21289065904331392
      ],
      "core_gc_fraction": [
        0.5956841753094683,
        0.10119003738383392
      ],
      "core_edges": [
        112.66836734693878,
        45.79610111053429
      ],
      "core_components": [
        23.831632653061224,
        4.355060320554522
      ],
      "twin_isolates": [
        NaN,
        NaN
      ],
      "twin_deg_sum": [
        NaN,
        NaN
      ]
    }
  },
  "effects": {
    "cohens_d_gap": 0.6258725357325382,
    "cohens_d_entropy": -0.21536258099728206,
    "effect_size_warning": ""
  },
  "p_values": {
    "perm_p_groupdiff_gap": 0.2216778322167783,
    "perm_p_groupdiff_entropy": 0.6518348165183482,
    "perm_p_beta_twin_gap": 0.07529247075292471,
    "perm_p_beta_twin_entropy": 0.2395760423957604,
    "perm_p_beta_twin_isolates": 9.999000099990002e-05,
    "perm_p_beta_twin_deg_sum": 9.999000099990002e-05
  },
  "correlations": {
    "corr_core_gap_edges": 0.6946963654517376,
    "corr_core_gap_gc_fraction": 0.42840570951197104
  },
  "regression_gap": {
    "beta0": 0.0045409856369154206,
    "beta_twin": 0.034827248031779695,
    "beta_core_edges": 0.0015801141656683892,
    "beta_core_gc_fraction": -0.3591067295070765,
    "beta_log_K_used": 0.024059583061314338,
    "r2": 0.5930352768065769,
    "beta_twin_ci": [
      0.008887632240331704,
      0.05682727845794096
    ]
  },
  "regression_entropy": {
    "beta0": 0.07595067867717273,
    "beta_twin": 0.016364381060168708,
    "beta_core_edges": 3.61955690251492e-05,
    "beta_core_gc_fraction": 2.0641823457838893,
    "beta_log_K_used": 0.4024107998363745,
    "r2": 0.9798753138783843,
    "beta_twin_ci": [
      -0.014026187463721893,
      0.04653548221938052
    ]
  },
  "regression_twin_isolates": {
    "beta0": NaN,
    "beta_twin": NaN,
    "beta_core_edges": NaN,
    "beta_core_gc_fraction": NaN,
    "beta_log_K_used": NaN,
    "r2": NaN,
    "beta_twin_ci": [
      NaN,
      NaN
    ]
  },
  "regression_twin_deg_sum": {
    "beta0": NaN,
    "beta_twin": NaN,
    "beta_core_edges": NaN,
    "beta_core_gc_fraction": NaN,
    "beta_log_K_used": NaN,
    "r2": NaN,
    "beta_twin_ci": [
      NaN,
      NaN
    ]
  },
  "class_stats": {
    "twins": {
      "K_used_min": 200.0,
      "K_used_median": 200.0,
      "K_used_max": 200.0,
      "hit_kmax_fraction": 0.0
    },
    "non_twins": {
      "K_used_min": 200.0,
      "K_used_median": 200.0,
      "K_used_max": 200.0,
      "hit_kmax_fraction": 0.0
    },
    "all": {
      "K_used_min": 200.0,
      "K_used_median": 200.0,
      "K_used_max": 200.0,
      "hit_kmax_fraction": 0.0
    }
  }
}