{
  "label": "six_ones_core_autok",
  "counts": {
    "total": 1675,
    "twins": 115,
    "non_twins": 1560,
    "n_dropped_nan": 325,
    "n_used_regression": 1675,
    "survival_rate_total": 0.8375,
    "survival_rate_twins": 0.9126984126984127,
    "survival_rate_non_twins": 0.8324439701173959
  },
  "center_set": "six",
  "group_stats": {
    "twins": {
      "core_gc_spectral_gap": [
        0.5142672242852826,
        0.4036296188942572
      ],
      "core_gc_entropy": [
        1.5077573585184394,
        0.7529188533519017
      ],
      "core_gc_fraction": [
        0.12986457590876685,
        0.09757701200573501
      ],
      "core_edges": [
        18.22608695652174,
        13.144720130028874
      ],
      "core_components": [
        47.3304347826087,
        7.0448522546058365
      ],
      "twin_isolates": [
        2.0,
        0.0
      ],
      "twin_deg_sum": [
        0.0,
        0.0
      ]
    },
    "non_twins": {
      "core_gc_spectral_gap": [
        0.5886060784475917,
        0.42574241246808575
      ],
      "core_gc_entropy": [
        1.4024600262175646,
        0.7005781847669045
      ],
      "core_gc_fraction": [
        0.11478562421185269,
        0.08411129594345541
      ],
      "core_edges": [
        16.518589743589743,
        11.729960021830472
      ],
      "core_components": [
        48.27820512820513,
        6.740580273200598
      ],
      "twin_isolates": [
        1.6147435897435898,
        0.5555436800177227
      ],
      "twin_deg_sum": [
        0.8,
        1.3174372947662563
      ]
    }
  },
  "effects": {
    "cohens_d_gap": -0.1751149578952504,
    "cohens_d_entropy": 0.14941790829789522,
    "effect_size_warning": ""
  },
  "p_values": {
    "perm_p_groupdiff_gap": 0.06998600279944012,
    "perm_p_groupdiff_entropy": 0.125374925014997,
    "perm_p_beta_twin_gap": 0.5428914217156569,
    "perm_p_beta_twin_entropy": 0.47650469906018794,
    "perm_p_beta_twin_isolates": 0.0001999600079984003,
    "perm_p_beta_twin_deg_sum": 0.0001999600079984003
  },
  "correlations": {
    "corr_core_gap_edges": -0.6927813025469979,
    "corr_core_gap_gc_fraction": -0.7419592470686377
  },
  "regression_gap": {
    "beta0": 0.7120633457321718,
    "beta_twin": -0.016528726520974927,
    "beta_core_edges": -0.004387176400112706,
    "beta_core_gc_fraction": -2.9264600569153725,
    "beta_log_K_used": 0.03503131146050287,
    "r2": 0.5565004626043619,
    "beta_twin_ci": [
      -0.06947300035142677,
      0.03994222215427737
    ]
  },
  "regression_entropy": {
    "beta0": 1.004430814302986,
    "beta_twin": -0.015070243055862954,
    "beta_core_edges": 0.01317076678108177,
    "beta_core_gc_fraction": 5.792940747771792,
    "beta_log_K_used": -0.05956571924025235,
    "r2": 0.9049893601674786,
    "beta_twin_ci": [
      -0.06448615342811241,
      0.02633031611012093
    ]
  },
  "regression_twin_isolates": {
    "beta0": 1.7155915705518843,
    "beta_twin": 0.4079556991330691,
    "beta_core_edges": -0.015162947025234352,
    "beta_core_gc_fraction": 0.36661107581830515,
    "beta_log_K_used": 0.013221913624708731,
    "r2": 0.11731822229051536,
    "beta_twin_ci": [
      0.3658139278031607,
      0.4507796370841873
    ]
  },
  "regression_twin_deg_sum": {
    "beta0": 0.7432877036829137,
    "beta_twin": -0.8776605577813639,
    "beta_core_edges": 0.03722585145162749,
    "beta_core_gc_fraction": 0.11201736740142924,
    "beta_log_K_used": -0.07021111523436563,
    "r2": 0.16855806362154802,
    "beta_twin_ci": [
      -1.0112468140269273,
      -0.7619475260398928
    ]
  },
  "class_stats": {
    "twins": {
      "K_used_min": 48.0,
      "K_used_median": 4193.0,
      "K_used_max": 6579.0,
      "hit_kmax_fraction": 0.0
    },
    "non_twins": {
      "K_used_min": 48.0,
      "K_used_median": 4202.0,
      "K_used_max": 6633.0,
      "hit_kmax_fraction": 0.0
    },
    "all": {
      "K_used_min": 48.0,
      "K_used_median": 4193.0,
      "K_used_max": 6633.0,
      "hit_kmax_fraction": 0.0
    }
  }
}