{
  "label": "idf",
  "counts": {
    "total": 200,
    "twins": 4,
    "non_twins": 196,
    "n_dropped_nan": 0,
    "n_used_regression": 200
  },
  "group_stats": {
    "twins": {
      "core_gc_spectral_gap": [
        0.12930895326059735,
        0.05251476956263219
      ],
      "core_gc_entropy": [
        3.391567841291204,
        0.19036684593983028
      ],
      "core_gc_fraction": [
        0.5655737704918032,
        0.10138784325289332
      ],
      "core_edges": [
        107.25,
        44.35298749802543
      ],
      "core_components": [
        25.0,
        4.743416490252569
      ]
    },
    "non_twins": {
      "core_gc_spectral_gap": [
        0.0971219129091092,
        0.05769049201876947
      ],
      "core_gc_entropy": [
        3.43844692206002,
        0.21297680193161678
      ],
      "core_gc_fraction": [
        0.5956841753094683,
        0.10119003738383392
      ],
      "core_edges": [
        112.66836734693878,
        45.79610111053429
      ],
      "core_components": [
        23.831632653061224,
        4.355060320554522
      ]
    }
  },
  "effects": {
    "cohens_d_gap": 0.556083462017522,
    "cohens_d_entropy": -0.2194518796486675,
    "effect_size_warning": ""
  },
  "p_values": {
    "perm_p_gap": 0.27947205279472054,
    "perm_p_entropy": 0.6454354564543545,
    "perm_p_beta_twin_gap": 0.1045895410458954,
    "perm_p_beta_twin_entropy": 0.2576742325767423
  },
  "correlations": {
    "corr_core_gap_edges": 0.7064941507652065,
    "corr_core_gap_gc_fraction": 0.43332301486865643
  },
  "regression_gap": {
    "beta0": 0.13495925481778903,
    "beta_twin": 0.02983737609398574,
    "beta_core_edges": 0.0015793332089327344,
    "beta_core_gc_fraction": -0.3622359716771607,
    "r2": 0.6145709119156066,
    "beta_twin_ci": [
      0.0030644191901830365,
      0.049407820894156296
    ]
  },
  "regression_entropy": {
    "beta0": 2.2037667819378166,
    "beta_twin": 0.015521898725902138,
    "beta_core_edges": 3.301597290154487e-05,
    "beta_core_gc_fraction": 2.0664646391177195,
    "r2": 0.9799936916579979,
    "beta_twin_ci": [
      -0.014180487104854136,
      0.045307395517215895
    ]
  }
}