{
  "label": "core20",
  "counts": {
    "total": 200,
    "twins": 4,
    "non_twins": 196
  },
  "group_stats": {
    "twins": {
      "core_gc_spectral_gap": [
        0.16178627291385167,
        0.11611686164054172
      ],
      "core_gc_entropy": [
        2.7757582844247963,
        0.3351861601013715
      ],
      "core_gc_fraction": [
        0.49390243902439024,
        0.15841928118008022
      ],
      "core_edges": [
        46.0,
        20.310096011589902
      ],
      "core_components": [
        18.75,
        3.897114317029974
      ]
    },
    "non_twins": {
      "core_gc_spectral_gap": [
        0.1769838366182881,
        0.14947400013060935
      ],
      "core_gc_entropy": [
        2.6274152287926875,
        0.506565345026309
      ],
      "core_gc_fraction": [
        0.4453708312593332,
        0.17341041601448973
      ],
      "core_edges": [
        45.15816326530612,
        20.716021717744912
      ],
      "core_components": [
        19.683673469387756,
        4.426490153276209
      ]
    }
  },
  "effects": {
    "cohens_d_gap": -0.10156752365861703,
    "cohens_d_entropy": 0.2930249925274977
  },
  "p_values": {
    "perm_p_gap": 0.8433156684331566,
    "perm_p_entropy": 0.5782421757824218
  },
  "correlations": {
    "corr_core_gap_edges": -0.3105415610287315,
    "corr_core_gap_gc_fraction": -0.582609685249044
  },
  "regression": {
    "beta0": 0.40595824308635675,
    "beta_twin": 0.03276885892009089,
    "beta_core_edges": 0.005642387742145587,
    "beta_core_gc_fraction": -1.0862280135547615,
    "r2": 0.49225404764618863,
    "beta_twin_ci": [
      -0.0012500555720285885,
      0.06655456374356494
    ]
  }
}