{
  "smooth_len": 5000,
  "mean_x": 0.05144,
  "mean_p_hat": 0.05105041800000002,
  "var_z": 1.0090063801439413
}