segment_idx,rate
0,0.0665
1,0.0577
2,0.0533
3,0.052
4,0.04875
5,0.0477
6,0.04755
7,0.04795
8,0.0478
9,0.04515
