{
  "p_min": 2,
  "p_max": 20000,
  "p_mode": "prime",
  "Q0": 50000,
  "Q1": 200000,
  "weight": "inv_q",
  "smooth_window": 101,
  "overall_survival_rate": 0.7829354553492485,
  "auc": 0.790224032586558,
  "enrichment_curve": {
    "fractions": [
      0.02,
      0.04,
      0.06,
      0.08,
      0.1,
      0.12000000000000001,
      0.13999999999999999,
      0.16,
      0.18,
      0.19999999999999998,
      0.22,
      0.24,
      0.26,
      0.28,
      0.30000000000000004,
      0.32,
      0.34,
      0.36000000000000004,
      0.38,
      0.4,
      0.42000000000000004,
      0.44,
      0.46,
      0.48000000000000004,
      0.5
    ],
    "values": [
      1.0785620176924524,
      1.1211368341803125,
      1.1447895100069012,
      1.1566158479201958,
      1.1642140083848433,
      1.168843670367816,
      1.1640709318199687,
      1.164026146080825,
      1.1674077444828432,
      1.1642140083848433,
      1.164168523279712,
      1.1664871307098164,
      1.1577743463280286,
      1.160214193389549,
      1.1585624840722955,
      1.1588829716197566,
      1.1559976180318805,
      1.1548549730367912,
      1.144910664574581,
      1.1416079111346522,
      1.1414532378376772,
      1.139892574107125,
      1.140923207227555,
      1.139513982311017,
      1.1405985319028797
    ]
  }
}