period_d,weight_mass
2,0.333333
4,0.2
3,0.142857
10,0.0909091
12,0.0769231
8,0.0588235
11,0.0547142
18,0.0526316
28,0.0433323
36,0.0362013
5,0.0322581
52,0.0258573
20,0.0243902
14,0.0232558
23,0.0212766
60,0.0171504
58,0.0169492
66,0.0149733
35,0.0140845
9,0.0136986
