{
  "p_max": 100000,
  "Q0": 50000,
  "Q1": 200000,
  "n_primes": 9592,
  "n_Z": 9276,
  "death_later_rate": 0.07072013799051315,
  "auc": 0.9273267288212326,
  "enrichment_1": 7.684915164369035,
  "enrichment_2": 7.337640079103495,
  "enrichment_10": 6.528613150209172
}