segment_idx,rate
0,0.05565
1,0.04723
2,0.04567
3,0.04405
4,0.04197
5,0.04152
6,0.04134
7,0.04119
8,0.03929
9,0.03844
10,0.039
11,0.03942
12,0.03849
13,0.0381
14,0.03792
15,0.03777
16,0.03799
17,0.03746
18,0.03678
19,0.03714
20,0.03631
21,0.03647
