{
  "m": 10,
  "B": 2520,
  "p0": 11,
  "p1": 13,
  "p2": 17,
  "t_max": 200000,
  "allowed_count": 122172,
  "residual_events": 6320,
  "mean_gap": 19.325051432188637,
  "dispersion": 4.293594377510041
}