{
  "p_max": 100000,
  "Q0": 50000,
  "Q1": 200000,
  "n_primes": 9592,
  "overall_survival": 0.8986655546288573,
  "fractions": [
    0.02,
    0.04,
    0.06,
    0.08,
    0.1,
    0.12000000000000001,
    0.13999999999999999,
    0.16,
    0.18,
    0.19999999999999998,
    0.22,
    0.24,
    0.26,
    0.28,
    0.30000000000000004,
    0.32,
    0.34,
    0.36000000000000004,
    0.38,
    0.4,
    0.42000000000000004,
    0.44,
    0.46,
    0.48000000000000004,
    0.5
  ],
  "enrichment": [
    1.1127610208816705,
    1.1127610208816705,
    1.1127610208816705,
    1.1127610208816705,
    1.1127610208816705,
    1.1127610208816705,
    1.1127610208816705,
    1.1127610208816705,
    1.1127610208816705,
    1.1127610208816705,
    1.1127610208816705,
    1.1127610208816705,
    1.1127610208816705,
    1.1127610208816705,
    1.1127610208816705,
    1.1127610208816705,
    1.1127610208816705,
    1.1127610208816705,
    1.1127610208816705,
    1.1127610208816705,
    1.1127610208816705,
    1.1127610208816705,
    1.1127610208816705,
    1.1127610208816705,
    1.1127610208816705
  ],
  "tests_avoided": [
    972.0,
    972.0,
    972.0,
    972.0,
    972.0,
    972.0,
    972.0,
    972.0,
    972.0,
    972.0,
    972.0,
    972.0,
    972.0,
    972.0,
    972.0,
    972.0,
    972.0,
    972.0,
    972.0,
    972.0,
    972.0,
    972.0,
    972.0,
    972.0,
    972.0
  ],
  "compute_saved": {
    "1.0": [
      972.0,
      972.0,
      972.0,
      972.0,
      972.0,
      972.0,
      972.0,
      972.0,
      972.0,
      972.0,
      972.0,
      972.0,
      972.0,
      972.0,
      972.0,
      972.0,
      972.0,
      972.0,
      972.0,
      972.0,
      972.0,
      972.0,
      972.0,
      972.0,
      972.0
    ],
    "3600.0": [
      3499200.0,
      3499200.0,
      3499200.0,
      3499200.0,
      3499200.0,
      3499200.0,
      3499200.0,
      3499200.0,
      3499200.0,
      3499200.0,
      3499200.0,
      3499200.0,
      3499200.0,
      3499200.0,
      3499200.0,
      3499200.0,
      3499200.0,
      3499200.0,
      3499200.0,
      3499200.0,
      3499200.0,
      3499200.0,
      3499200.0,
      3499200.0,
      3499200.0
    ],
    "86400.0": [
      83980800.0,
      83980800.0,
      83980800.0,
      83980800.0,
      83980800.0,
      83980800.0,
      83980800.0,
      83980800.0,
      83980800.0,
      83980800.0,
      83980800.0,
      83980800.0,
      83980800.0,
      83980800.0,
      83980800.0,
      83980800.0,
      83980800.0,
      83980800.0,
      83980800.0,
      83980800.0,
      83980800.0,
      83980800.0,
      83980800.0,
      83980800.0,
      83980800.0
    ]
  },
  "top_summary": {
    "0.01": {
      "enrichment": 1.1127610208816705,
      "bad_tests_avoided": 972,
      "compute_saved": {
        "1.0": 972.0,
        "3600.0": 3499200.0,
        "86400.0": 83980800.0
      }
    },
    "0.02": {
      "enrichment": 1.1127610208816705,
      "bad_tests_avoided": 972,
      "compute_saved": {
        "1.0": 972.0,
        "3600.0": 3499200.0,
        "86400.0": 83980800.0
      }
    },
    "0.1": {
      "enrichment": 1.1127610208816705,
      "bad_tests_avoided": 972,
      "compute_saved": {
        "1.0": 972.0,
        "3600.0": 3499200.0,
        "86400.0": 83980800.0
      }
    }
  }
}