{
  "smooth_len": 20000,
  "mean_x": 0.04041818181818182,
  "mean_p_hat": 0.040286778999999995,
  "var_z": 1.003696659566112
}