segment_idx,rate
0,0.064
1,0.05285
2,0.0511
3,0.05175
4,0.05
5,0.0469
6,0.04675
7,0.0457
8,0.0446
9,0.0426
