Q,metric,n_perm,mean,ci_low,ci_high
20000000,auc,200,0.499419,0.491181,0.508498
20000000,spearman,200,-0.000918,-0.013938,0.013431
50000000,auc,200,0.499474,0.490516,0.508998
50000000,spearman,200,-0.000861,-0.015504,0.014710
