{
  "smooth_len": 5000,
  "mean_x": 0.04642,
  "mean_p_hat": 0.04603080100000002,
  "var_z": 1.010253131933748
}