segment_idx,rate
0,0.057
1,0.04795
2,0.04735
3,0.04645
4,0.0458
5,0.04375
6,0.0444
7,0.0451
8,0.04295
9,0.04345
