{
  "m": 12,
  "B": 27720,
  "p0": 13,
  "p1": 17,
  "p2": 19,
  "t_max": 200000,
  "allowed_count": 133604,
  "residual_events": 6152,
  "mean_gap": 21.717444317997074,
  "dispersion": 4.566301524128842
}